id;nom;theme;site
1;Granite;RESTAURANT_OUZBEK;withdrawal B2C Music
2;system-worthy reciprocal platforms;RESTAURANT_OUZBEK;Auto monitor
3;Vermont Card;DIVERS;Incredible New Representative
4;Sleek Dynamic Lead;RESTAURANT;Nakfa pink
5;Concrete Future;RESTAURANT_IRAN;People's auxiliary input
6;multi-byte;DIVERS;Research Oklahoma
7;back open-source Orchestrator;RESTAURANT_IRAN;systematic envisioneer
8;bus Cheese;RESTAURANT_VIETNAM;Burg
9;red;POTERIE;Kingdom Implemented
10;Metrics Analyst Shoes;VERRERIE;grid-enabled
